"Time (s)"	"Latitude (°)"	"Longitude (°)"	"Height (m)"	"Velocity (m/s)"	"Direction (°)"	"Horizontal Accuracy (m)"	"Vertical Accuracy (m)"
0.000000000E0	5.030396600E1	7.618943100E0	1.749350973E2	NaN	NaN	3.686100006E1	8.000147820E0
2.841800344E0	5.030381410E1	7.618973125E0	1.599349607E2	1.700000018E-1	0.000000000E0	8.000000000E0	1.000000000E2
3.821584266E0	5.030395404E1	7.618985614E0	1.609350825E2	2.299999893E-1	0.000000000E0	8.000000000E0	1.000000000E2
4.850449073E0	5.030396209E1	7.618944291E0	1.639350938E2	3.299999833E-1	0.000000000E0	8.000000000E0	1.000000000E2
5.847531034E0	5.030393145E1	7.618980501E0	1.619350631E2	2.999999933E-2	0.000000000E0	8.500000000E0	1.000000000E2
6.868562841E0	5.030395831E1	7.618978154E0	1.619350870E2	8.999999613E-2	0.000000000E0	8.500000000E0	1.000000000E2
7.876163763E0	5.030397600E1	7.618970023E0	1.679351034E2	1.700000018E-1	0.000000000E0	8.000000000E0	1.000000000E2
8.187977571E0	5.030394323E1	7.618991062E0	1.689350724E2	2.099999934E-1	0.000000000E0	7.000000000E0	1.000000000E2
9.877340300E0	5.030399293E1	7.619027104E0	1.609351124E2	1.099999994E-1	0.000000000E0	3.500000000E0	1.000000000E2
1.088944726E1	5.030399310E1	7.619027104E0	1.609351126E2	0.000000000E0	0.000000000E0	3.500000000E0	1.000000000E2
1.187154361E1	5.030399310E1	7.619027104E0	1.609351126E2	0.000000000E0	0.000000000E0	3.500000000E0	1.000000000E2
1.287817022E1	5.030399310E1	7.619027104E0	1.609351126E2	0.000000000E0	0.000000000E0	3.500000000E0	1.000000000E2
1.317569395E1	5.030418860E1	7.618281100E0	1.749353605E2	NaN	NaN	5.290000153E1	2.603827095E1
1.385326649E1	5.030392994E1	7.619008664E0	1.439350589E2	3.999999911E-2	0.000000000E0	2.000000000E1	1.000000000E2
1.487709349E1	5.030397709E1	7.618982177E0	1.389351031E2	3.999999911E-2	0.000000000E0	8.500000000E0	1.000000000E2
1.631964960E1	5.030393816E1	7.619028864E0	1.659350641E2	4.999999702E-2	0.000000000E0	8.000000000E0	1.000000000E2
1.737722856E1	5.030393292E1	7.619000198E0	1.599350624E2	1.999999955E-2	0.000000000E0	8.000000000E0	1.000000000E2
1.830837191E1	5.030393577E1	7.618999612E0	1.619350650E2	0.000000000E0	0.000000000E0	1.000000000E1	1.000000000E2
1.928415899E1	5.030392307E1	7.619045628E0	1.579350491E2	4.999999702E-2	0.000000000E0	6.000000000E0	1.000000000E2
2.032468729E1	5.030392391E1	7.619045461E0	1.579350499E2	0.000000000E0	0.000000000E0	5.500000000E0	1.000000000E2
2.132014272E1	5.030392391E1	7.619045461E0	1.579350499E2	0.000000000E0	0.000000000E0	5.000000000E0	1.000000000E2
2.231084006E1	5.030392391E1	7.619045461E0	1.579350499E2	0.000000000E0	0.000000000E0	5.000000000E0	1.000000000E2
2.331347752E1	5.030392391E1	7.619045461E0	1.579350499E2	0.000000000E0	0.000000000E0	5.000000000E0	1.000000000E2
2.430966544E1	5.030392391E1	7.619045461E0	1.579350499E2	0.000000000E0	0.000000000E0	5.000000000E0	1.000000000E2
2.532003994E1	5.030392391E1	7.619045461E0	1.579350499E2	0.000000000E0	0.000000000E0	5.000000000E0	1.000000000E2
2.629309614E1	5.030392391E1	7.619045461E0	1.579350499E2	0.000000000E0	0.000000000E0	5.000000000E0	1.000000000E2
2.729916729E1	5.030392391E1	7.619045461E0	1.579350499E2	0.000000000E0	0.000000000E0	3.500000000E0	1.000000000E2
2.829818440E1	5.030393283E1	7.619033307E0	1.569350590E2	8.899999857E-1	1.983999939E2	3.000000000E0	1.000000000E2
2.932443956E1	5.030392353E1	7.619012855E0	1.569350529E2	2.779999971E0	2.016000061E2	2.500000000E0	1.000000000E2
3.032397821E1	5.030389042E1	7.618997013E0	1.559350254E2	3.959999800E0	1.976000061E2	2.500000000E0	1.000000000E2
3.131619079E1	5.030384625E1	7.618954014E0	1.559349909E2	6.109999657E0	2.038000031E2	2.500000000E0	1.000000000E2
3.231804709E1	5.030380011E1	7.618886288E0	1.549349573E2	7.109999657E0	2.163999939E2	2.000000000E0	1.000000000E2
3.330795744E1	5.030372526E1	7.618812192E0	1.569348990E2	8.420000076E0	2.206000061E2	1.500000000E0	1.000000000E2
3.431880405E1	5.030364538E1	7.618726194E0	1.579348375E2	1.014999962E1	2.171999969E2	1.500000000E0	1.000000000E2
3.531343736E1	5.030356231E1	7.618629718E0	1.589347743E2	1.042000008E1	2.191999969E2	1.500000000E0	1.000000000E2
3.633320390E1	5.030348335E1	7.618522765E0	1.579347158E2	1.118999958E1	2.226999969E2	1.500000000E0	1.000000000E2
3.733061936E1	5.030339710E1	7.618409190E0	1.579346515E2	1.230999947E1	2.216999969E2	1.500000000E0	1.000000000E2
3.832602640E1	5.030330482E1	7.618291005E0	1.579345824E2	1.352999973E1	2.201000061E2	1.500000000E0	1.000000000E2
3.932313897E1	5.030321027E1	7.618167792E0	1.579345118E2	1.313999939E1	2.208999939E2	1.500000000E0	1.000000000E2
4.032009751E1	5.030311899E1	7.618040135E0	1.579344445E2	1.380999947E1	2.201999969E2	1.500000000E0	1.000000000E2
4.131596697E1	5.030302021E1	7.617912060E0	1.579343706E2	1.475999928E1	2.185000000E2	1.500000000E0	1.000000000E2
4.233295047E1	5.030291464E1	7.617774345E0	1.579342918E2	1.565999985E1	2.196000061E2	1.500000000E0	1.000000000E2
4.333058728E1	5.030280781E1	7.617637049E0	1.569342117E2	1.526999950E1	2.185000000E2	1.500000000E0	1.000000000E2
4.429350470E1	5.030269470E1	7.617519535E0	1.559341242E2	1.518999958E1	2.108999939E2	1.500000000E0	1.000000000E2
4.533877520E1	5.030257484E1	7.617430687E0	1.549340278E2	1.486999989E1	2.043999939E2	1.500000000E0	1.000000000E2
4.632462831E1	5.030245204E1	7.617351394E0	1.539339278E2	1.501999950E1	2.035000000E2	1.500000000E0	1.000000000E2
4.729878266E1	5.030233181E1	7.617270090E0	1.529338303E2	1.492999935E1	2.041000061E2	1.500000000E0	1.000000000E2
4.731542443E1	5.030205910E1	7.614239200E0	9.543389766E1	NaN	NaN	1.925799942E1	1.274877548E0
5.063160946E1	5.030221840E1	7.614043728E0	1.139340577E2	1.099999994E-1	0.000000000E0	1.050000000E1	1.000000000E2
5.164178804E1	5.030219078E1	7.614054121E0	1.159340324E2	3.400000036E-1	0.000000000E0	1.050000000E1	1.000000000E2
5.266071323E1	5.030212482E1	7.614145065E0	1.179339651E2	5.500000119E-1	2.650000000E2	1.050000000E1	1.000000000E2
5.299397154E1	5.030220264E1	7.614049762E0	9.693404326E1	1.499999911E-1	2.651000061E2	8.500000000E0	1.000000000E2
5.462011738E1	5.030218454E1	7.614049511E0	1.009340273E2	1.499999911E-1	2.650000000E2	4.000000000E0	1.000000000E2
5.561293050E1	5.030218470E1	7.614050517E0	1.009340274E2	0.000000000E0	0.000000000E0	4.000000000E0	1.000000000E2
5.662639200E1	5.030218470E1	7.614050517E0	1.009340274E2	0.000000000E0	0.000000000E0	4.000000000E0	1.000000000E2
5.760089992E1	5.030218701E1	7.614058480E0	9.793402861E1	7.099999785E-1	2.288000031E2	3.500000000E0	1.000000000E2
5.860014761E1	5.030216991E1	7.614069125E0	9.393401247E1	2.059999943E0	2.331000061E2	3.000000000E0	1.000000000E2
5.959806965E1	5.030214619E1	7.614054540E0	9.393399307E1	3.319999933E0	2.311999969E2	2.500000000E0	1.000000000E2
6.060333738E1	5.030212322E1	7.614020761E0	9.293397627E1	4.099999905E0	2.486000061E2	2.500000000E0	1.000000000E2
6.161764980E1	5.030211191E1	7.613950521E0	9.193397343E1	5.879999638E0	2.725000000E2	2.500000000E0	1.000000000E2
6.261474761E1	5.030212536E1	7.613863768E0	9.093399407E1	6.739999771E0	2.842999878E2	2.000000000E0	1.000000000E2
6.360887326E1	5.030215457E1	7.613762096E0	8.993403010E1	8.970000267E0	3.003999939E2	2.000000000E0	1.000000000E2
6.460706672E1	5.030219317E1	7.613655897E0	8.893407486E1	8.970000267E0	2.980000000E2	2.000000000E0	1.000000000E2
6.561829568E1	5.030222842E1	7.613538131E0	8.693411784E1	1.009000015E1	2.932000122E2	1.500000000E0	1.000000000E2
6.662908560E1	5.030225570E1	7.613406032E0	8.593415527E1	1.025000000E1	2.827000122E2	1.500000000E0	1.000000000E2
6.762501968E1	5.030226257E1	7.613255745E0	8.593417656E1	1.071000004E1	2.715000000E2	1.500000000E0	1.000000000E2
6.862051645E1	5.030225972E1	7.613108391E0	8.493418900E1	1.044999981E1	2.685000000E2	1.500000000E0	1.000000000E2
6.962139226E1	5.030225239E1	7.612956343E0	8.493419796E1	1.011999989E1	2.685000000E2	1.500000000E0	1.000000000E2
7.064482060E1	5.030224795E1	7.612813767E0	8.593420850E1	9.239999771E0	2.727999878E2	1.500000000E0	1.000000000E2
7.157768095E1	5.030225670E1	7.612684267E0	8.593422935E1	8.960000038E0	2.793999939E2	1.500000000E0	1.000000000E2
7.261439948E1	5.030229040E1	7.612569099E0	8.593427072E1	8.849999428E0	2.947000122E2	1.500000000E0	1.000000000E2
7.362121045E1	5.030234731E1	7.612470193E0	8.593433089E1	9.719999313E0	3.170000000E2	1.500000000E0	1.000000000E2
7.461786818E1	5.030241529E1	7.612377573E0	8.593440017E1	1.126999950E1	3.222000122E2	1.500000000E0	1.000000000E2
7.561463925E1	5.030249676E1	7.612266932E0	8.593448318E1	1.513999939E1	3.181000061E2	2.000000000E0	1.000000000E2
7.662476214E1	5.030260246E1	7.612124523E0	8.693459075E1	1.664999962E1	3.205000000E2	1.500000000E0	1.000000000E2
7.761916633E1	5.030273866E1	7.611978259E0	8.793472561E1	2.068999863E1	3.272000122E2	1.500000000E0	1.000000000E2
7.864896702E1	5.030290555E1	7.611800479E0	8.693489071E1	2.360999870E1	3.265000000E2	1.500000000E0	1.000000000E2
7.960687725E1	5.030306426E1	7.611621693E0	8.693504873E1	2.036999893E1	3.257999878E2	2.000000000E0	1.000000000E2
8.061975725E1	5.030321111E1	7.611460425E0	8.693519454E1	1.909000015E1	3.267999878E2	2.000000000E0	1.000000000E2
8.163821225E1	5.030334530E1	7.611313993E0	8.893532769E1	1.846999931E1	3.275000000E2	1.500000000E0	1.000000000E2
8.263057486E1	5.030348080E1	7.611179296E0	8.993546080E1	1.871999931E1	3.277999878E2	1.500000000E0	1.000000000E2
8.363619494E1	5.030362321E1	7.611043761E0	8.993560011E1	1.868000031E1	3.282000122E2	1.500000000E0	1.000000000E2
8.462718959E1	5.030377789E1	7.610914009E0	8.993574966E1	1.934000015E1	3.321000061E2	1.500000000E0	1.000000000E2
8.562734298E1	5.030393392E1	7.610791381E0	9.093589967E1	1.943999863E1	3.340000000E2	1.500000000E0	1.000000000E2
8.662567921E1	5.030409012E1	7.610681076E0	9.093604859E1	1.919999886E1	3.358999939E2	1.500000000E0	1.000000000E2
8.761811505E1	5.030425269E1	7.610584768E0	9.093620171E1	1.886999893E1	3.391000061E2	1.500000000E0	1.000000000E2
8.863650721E1	5.030441563E1	7.610500362E0	9.093635395E1	1.888999939E1	3.412999878E2	1.500000000E0	1.000000000E2
8.962808082E1	5.030457987E1	7.610418303E0	9.093650711E1	1.878999901E1	3.425000000E2	1.500000000E0	1.000000000E2
9.062911340E1	5.030474219E1	7.610342111E0	9.093665797E1	1.860000038E1	3.428999939E2	1.500000000E0	1.000000000E2
9.164136920E1	5.030490606E1	7.610281259E0	8.993680864E1	1.857999992E1	3.477000122E2	1.500000000E0	1.000000000E2
9.262733893E1	5.030507026E1	7.610239601E0	8.893695765E1	1.838999939E1	3.507000122E2	1.000000000E0	1.000000000E2
9.363650316E1	5.030523794E1	7.610204061E0	8.893710911E1	1.836999893E1	3.527999878E2	1.500000000E0	1.000000000E2
9.462960682E1	5.030540637E1	7.610178748E0	8.893726019E1	1.840999985E1	3.551000061E2	1.000000000E0	1.000000000E2
9.561842801E1	5.030557166E1	7.610155949E0	8.793740824E1	1.835000038E1	3.557999878E2	1.500000000E0	1.000000000E2
9.663646128E1	5.030573109E1	7.610145975E0	8.793754981E1	1.725000000E1	3.592000122E2	1.500000000E0	1.000000000E2
9.761452104E1	5.030588489E1	7.610150836E0	8.793768491E1	1.676000023E1	1.399999976E0	1.500000000E0	1.000000000E2
9.857086066E1	5.030603682E1	7.610152764E0	8.793781865E1	1.714999962E1	8.000000119E-1	2.000000000E0	1.000000000E2
1.035805123E2	5.030672028E1	7.610322833E0	8.893840372E1	1.696999931E1	1.400000000E1	1.100000000E1	1.000000000E2
1.046049674E2	5.030686378E1	7.610374549E0	9.093852491E1	1.690999985E1	1.439999962E1	6.000000000E0	1.000000000E2
1.056140148E2	5.030707730E1	7.610448813E0	9.493870552E1	1.723999977E1	1.550000000E1	3.000000000E0	1.000000000E2
1.066259000E2	5.030722600E1	7.610510839E0	9.793883022E1	1.697999954E1	1.670000076E1	2.500000000E0	1.000000000E2
1.076036070E2	5.030738450E1	7.610583007E0	9.993896252E1	1.684000015E1	1.770000076E1	2.000000000E0	1.000000000E2
1.086066529E2	5.030752435E1	7.610666491E0	9.893907720E1	1.654999924E1	1.850000000E1	1.500000000E0	1.000000000E2
1.095892817E2	5.030766555E1	7.610746371E0	9.793919344E1	1.628999901E1	1.920000076E1	1.500000000E0	1.000000000E2
1.106365345E2	5.030780611E1	7.610822478E0	9.793930950E1	1.640999985E1	1.879999924E1	1.500000000E0	1.000000000E2
1.116423860E2	5.030794777E1	7.610903531E0	9.693942601E1	1.643000031E1	1.870000076E1	1.500000000E0	1.000000000E2
1.126371490E2	5.030808284E1	7.610982489E0	9.693953693E1	1.623999977E1	1.879999924E1	1.500000000E0	1.000000000E2
1.136386073E2	5.030821691E1	7.611059267E0	9.693964718E1	1.569999981E1	1.910000038E1	1.000000000E0	1.000000000E2
1.146380425E2	5.030834993E1	7.611137889E0	9.693975631E1	1.546000004E1	1.900000000E1	1.000000000E0	1.000000000E2
1.156304415E2	5.030847046E1	7.611211063E0	9.693985499E1	1.352999973E1	1.900000000E1	1.000000000E0	1.000000000E2
1.166414937E2	5.030857884E1	7.611277867E0	9.693994361E1	1.329999924E1	1.889999962E1	1.000000000E0	1.000000000E2
1.176337195E2	5.030868973E1	7.611340731E0	9.594003485E1	1.323999977E1	1.879999924E1	1.000000000E0	1.000000000E2
1.186354374E2	5.030879844E1	7.611399237E0	9.594012462E1	1.300000000E1	1.900000000E1	1.000000000E0	1.000000000E2
1.196119094E2	5.030890703E1	7.611456234E0	9.594021443E1	1.315999985E1	1.929999924E1	1.000000000E0	1.000000000E2
1.206160831E2	5.030901642E1	7.611520272E0	9.594030421E1	1.342999935E1	1.970000076E1	1.000000000E0	1.000000000E2
1.216296465E2	5.030912672E1	7.611582633E0	9.594039497E1	1.359000015E1	1.900000000E1	1.000000000E0	1.000000000E2
1.226366223E2	5.030924088E1	7.611647341E0	9.594048888E1	1.354999924E1	1.900000000E1	1.000000000E0	1.000000000E2
1.236337563E2	5.030935236E1	7.611712804E0	9.594058035E1	1.347999954E1	2.000000000E1	1.000000000E0	1.000000000E2
1.246360765E2	5.030946711E1	7.611776926E0	9.594067483E1	1.348999977E1	2.060000038E1	1.000000000E0	1.000000000E2
1.256419172E2	5.030958333E1	7.611846244E0	9.594077006E1	1.353999996E1	1.920000076E1	1.000000000E0	1.000000000E2
1.266296126E2	5.030970130E1	7.611906761E0	9.594086775E1	1.367999935E1	1.610000038E1	1.000000000E0	1.000000000E2
1.276114085E2	5.030981995E1	7.611956801E0	9.594096711E1	1.390999985E1	1.180000019E1	1.000000000E0	1.000000000E2
1.286155309E2	5.030994081E1	7.611988233E0	9.594107035E1	1.382999992E1	7.500000000E0	1.000000000E0	1.000000000E2
1.296106907E2	5.031006805E1	7.612005919E0	9.594118063E1	1.384000015E1	2.299999952E0	1.000000000E0	1.000000000E2
1.306253163E2	5.031019717E1	7.611995861E0	9.594129544E1	1.384000015E1	3.567999878E2	1.500000000E0	1.000000000E2
1.316280713E2	5.031032529E1	7.611970548E0	9.594141094E1	1.397999954E1	3.493999939E2	1.500000000E0	1.000000000E2
1.326337789E2	5.031044784E1	7.611925369E0	9.694152360E1	1.246000004E1	3.442999878E2	1.500000000E0	1.000000000E2
1.336152222E2	5.031055424E1	7.611834090E0	9.594162682E1	1.361999989E1	3.227000122E2	1.500000000E0	1.000000000E2
1.346154824E2	5.031065080E1	7.611718839E0	9.594172386E1	1.346000004E1	3.232999878E2	1.500000000E0	1.000000000E2
1.356375111E2	5.031075486E1	7.611614401E0	9.594182640E1	1.396000004E1	3.277000122E2	1.500000000E0	1.000000000E2
1.366268213E2	5.031086119E1	7.611495042E0	9.594193248E1	1.444999981E1	3.197999878E2	1.500000000E0	1.000000000E2
1.376163328E2	5.031095934E1	7.611348946E0	9.594203414E1	1.472999954E1	3.108999939E2	1.500000000E0	1.000000000E2
1.386224097E2	5.031104048E1	7.611193713E0	9.594212176E1	1.423999977E1	3.041000061E2	1.500000000E0	1.000000000E2
1.396031326E2	5.031110988E1	7.611026829E0	9.694220026E1	1.440999985E1	2.995000000E2	1.500000000E0	1.000000000E2
1.406074956E2	5.031116692E1	7.610845780E0	9.694226934E1	1.417999935E1	2.940000000E2	1.500000000E0	1.000000000E2
1.416284814E2	5.031121893E1	7.610665234E0	9.594233394E1	1.417999935E1	2.922000122E2	1.500000000E0	1.000000000E2
1.426380904E2	5.031125866E1	7.610478904E0	9.594238832E1	1.421000004E1	2.888999939E2	1.000000000E0	1.000000000E2
1.436254700E2	5.031129885E1	7.610288635E0	9.594244352E1	1.439999962E1	2.882999878E2	1.500000000E0	1.000000000E2
1.446210791E2	5.031134105E1	7.610096438E0	9.494250070E1	1.442000008E1	2.890000000E2	1.000000000E0	1.000000000E2
1.456229042E2	5.031138430E1	7.609903067E0	9.494255893E1	1.450999928E1	2.895000000E2	1.000000000E0	1.000000000E2
1.466301652E2	5.031142684E1	7.609713804E0	9.494261611E1	1.452999973E1	2.898999939E2	1.000000000E0	1.000000000E2
1.476379755E2	5.031147173E1	7.609521691E0	9.494267566E1	1.459999943E1	2.900000000E2	1.000000000E0	1.000000000E2
1.486318406E2	5.031151875E1	7.609332008E0	9.494273685E1	1.467000008E1	2.911000061E2	1.000000000E0	1.000000000E2
1.496264207E2	5.031156808E1	7.609141152E0	9.394280019E1	1.473999977E1	2.921000061E2	1.000000000E0	1.000000000E2
1.506321256E2	5.031162009E1	7.608949710E0	9.394286597E1	1.482999992E1	2.930000000E2	1.000000000E0	1.000000000E2
1.516382627E2	5.031167440E1	7.608763715E0	9.394293322E1	1.473999977E1	2.946000061E2	1.000000000E0	1.000000000E2
1.526199387E2	5.031173115E1	7.608575877E0	9.294300281E1	1.471999931E1	2.952999878E2	1.000000000E0	1.000000000E2
1.536374112E2	5.031178974E1	7.608387703E0	9.294307407E1	1.475999928E1	2.961000061E2	1.000000000E0	1.000000000E2
1.546381898E2	5.031184786E1	7.608201625E0	9.294314471E1	1.478999996E1	2.982000122E2	1.000000000E0	1.000000000E2
1.556271107E2	5.031191207E1	7.608019989E0	9.294322025E1	1.469999981E1	3.000000000E2	1.000000000E0	1.000000000E2
1.566438495E2	5.031197787E1	7.607840616E0	9.294329697E1	1.469999981E1	3.005000000E2	1.000000000E0	1.000000000E2
1.576227774E2	5.031204325E1	7.607662920E0	9.194337315E1	1.469999981E1	3.013999939E2	1.000000000E0	1.000000000E2
1.586191087E2	5.031211483E1	7.607484302E0	9.194345491E1	1.471999931E1	3.028999939E2	1.000000000E0	1.000000000E2
1.596045596E2	5.031218314E1	7.607309371E0	9.194353341E1	1.456999969E1	3.027000122E2	1.000000000E0	1.000000000E2
1.606157934E2	5.031225472E1	7.607135950E0	9.094361464E1	1.446999931E1	3.042999878E2	1.000000000E0	1.000000000E2
1.616260277E2	5.031233984E1	7.606985830E0	9.094370539E1	1.431999969E1	3.143999939E2	1.500000000E0	1.000000000E2
1.626278933E2	5.031243795E1	7.606842751E0	9.094380688E1	1.522999954E1	3.201000061E2	1.500000000E0	1.000000000E2
1.635971650E2	5.031254553E1	7.606694726E0	8.994391726E1	1.606999969E1	3.191000061E2	1.500000000E0	1.000000000E2
1.646156140E2	5.031264666E1	7.606545445E0	8.994402208E1	1.528999996E1	3.151000061E2	1.500000000E0	1.000000000E2
1.656052019E2	5.031274355E1	7.606388619E0	8.994412396E1	1.498999977E1	3.112000122E2	1.500000000E0	1.000000000E2
1.666465855E2	5.031283752E1	7.606230872E0	8.894422335E1	1.547999954E1	3.117999878E2	1.500000000E0	1.000000000E2
1.676315319E2	5.031293261E1	7.606066586E0	8.894432443E1	1.557999992E1	3.138999939E2	1.500000000E0	1.000000000E2
1.686217025E2	5.031303005E1	7.605911018E0	8.894442669E1	1.568999958E1	3.148999939E2	1.500000000E0	1.000000000E2
1.696259411E2	5.031313235E1	7.605757043E0	8.894453307E1	1.582999992E1	3.162000122E2	1.000000000E0	1.000000000E2
1.706404002E2	5.031323918E1	7.605606923E0	8.894464306E1	1.597999954E1	3.177999878E2	1.500000000E0	1.000000000E2
1.716423440E2	5.031334869E1	7.605462335E0	8.894475485E1	1.609000015E1	3.192999878E2	1.000000000E0	1.000000000E2
1.726253151E2	5.031346105E1	7.605320849E0	8.794486884E1	1.588000011E1	3.203999939E2	1.000000000E0	1.000000000E2
1.736333209E2	5.031357449E1	7.605184894E0	8.794498322E1	1.559999943E1	3.222000122E2	1.000000000E0	1.000000000E2
1.746519013E2	5.031368786E1	7.605050700E0	8.794509735E1	1.550999928E1	3.228999939E2	1.500000000E0	1.000000000E2
1.756349838E2	5.031380244E1	7.604920948E0	8.794521210E1	1.563999939E1	3.242999878E2	1.000000000E0	1.000000000E2
1.766368912E2	5.031391396E1	7.604792286E0	8.694532404E1	1.563000011E1	3.252000122E2	1.000000000E0	1.000000000E2
1.776277740E2	5.031402955E1	7.604670916E0	8.694543882E1	1.563999939E1	3.265000000E2	1.000000000E0	1.000000000E2
1.786469049E2	5.031415109E1	7.604554910E0	8.694555830E1	1.571000004E1	3.285000000E2	1.500000000E0	1.000000000E2
1.796397027E2	5.031427271E1	7.604443347E0	8.594567739E1	1.567999935E1	3.293999939E2	1.500000000E0	1.000000000E2
1.806426501E2	5.031439450E1	7.604332455E0	8.594579657E1	1.564999962E1	3.297000122E2	1.500000000E0	1.000000000E2
1.816217170E2	5.031451662E1	7.604222484E0	8.594591596E1	1.568999958E1	3.312999878E2	1.500000000E0	1.000000000E2
1.826162484E2	5.031463786E1	7.604117962E0	8.494603400E1	1.546999931E1	3.323999939E2	1.500000000E0	1.000000000E2
1.836187463E2	5.031475739E1	7.604017714E0	8.494615009E1	1.531999969E1	3.333999939E2	1.500000000E0	1.000000000E2
1.846311845E2	5.031487386E1	7.603920233E0	8.494626319E1	1.544999981E1	3.346000061E2	1.000000000E0	1.000000000E2
1.856330914E2	5.031499741E1	7.603823422E0	8.494638248E1	1.538999939E1	3.350000000E2	1.000000000E0	1.000000000E2
1.865852276E2	5.031512167E1	7.603734909E0	8.494650154E1	1.544999981E1	3.363999939E2	1.000000000E0	1.000000000E2
1.875951104E2	5.031524564E1	7.603645893E0	8.494662039E1	1.548999977E1	3.368999939E2	1.500000000E0	1.000000000E2
1.886195734E2	5.031536868E1	7.603557967E0	8.494673833E1	1.546999931E1	3.377000122E2	1.500000000E0	1.000000000E2
1.895888641E2	5.031549454E1	7.603479847E0	8.594685772E1	1.538999939E1	3.388999939E2	1.500000000E0	1.000000000E2
1.906366158E2	5.031562140E1	7.603403740E0	8.594697779E1	1.525999928E1	3.401000061E2	1.500000000E0	1.000000000E2
1.916157950E2	5.031574939E1	7.603328554E0	8.694709877E1	1.519999981E1	3.401000061E2	1.500000000E0	1.000000000E2
1.926259366E2	5.031587441E1	7.603254458E0	8.694721702E1	1.519999981E1	3.403999939E2	1.500000000E0	1.000000000E2
1.936300152E2	5.031600265E1	7.603180613E0	8.694733809E1	1.511999989E1	3.407000122E2	1.500000000E0	1.000000000E2
1.946158249E2	5.031613156E1	7.603114061E0	8.694745899E1	1.517000008E1	3.411000061E2	1.500000000E0	1.000000000E2
1.956241393E2	5.031626027E1	7.603048766E0	8.794757958E1	1.519999981E1	3.422000122E2	1.500000000E0	1.000000000E2
1.966259296E2	5.031639245E1	7.602985734E0	8.794770301E1	1.517999935E1	3.427000122E2	1.500000000E0	1.000000000E2
1.976371959E2	5.031652497E1	7.602924295E0	8.794782657E1	1.510999966E1	3.427000122E2	1.000000000E0	1.000000000E2
1.986336090E2	5.031665543E1	7.602863861E0	8.794794822E1	1.497999954E1	3.428999939E2	1.500000000E0	1.000000000E2
1.996170730E2	5.031678787E1	7.602807116E0	8.794807122E1	1.498999977E1	3.437999878E2	1.000000000E0	1.000000000E2
2.006249303E2	5.031692068E1	7.602753388E0	8.794819425E1	1.522999954E1	3.446000061E2	1.500000000E0	1.000000000E2
2.016306147E2	5.031705382E1	7.602698319E0	8.794831771E1	1.522999954E1	3.451000061E2	1.500000000E0	1.000000000E2
2.026220627E2	5.031718722E1	7.602641992E0	8.894844153E1	1.522999954E1	3.456000061E2	1.500000000E0	1.000000000E2
2.036141050E2	5.031732121E1	7.602587426E0	8.894856569E1	1.513999939E1	3.460000000E2	1.500000000E0	1.000000000E2
2.046215083E2	5.031745519E1	7.602534369E0	8.894868970E1	1.523999977E1	3.466000061E2	1.500000000E0	1.000000000E2
2.056246534E2	5.031759286E1	7.602486592E0	8.894881641E1	1.525999928E1	3.468999939E2	1.000000000E0	1.000000000E2
2.066144384E2	5.031773037E1	7.602439737E0	8.894894287E1	1.521999931E1	3.477000122E2	1.000000000E0	1.000000000E2
2.075991617E2	5.031786615E1	7.602392295E0	8.894906789E1	1.521000004E1	3.483999939E2	1.500000000E0	1.000000000E2
2.086283951E2	5.031800219E1	7.602357175E0	8.994919182E1	1.525000000E1	3.500000000E2	1.000000000E0	1.000000000E2
2.096337824E2	5.031814049E1	7.602330940E0	8.994931682E1	1.517000008E1	3.517000122E2	1.000000000E0	1.000000000E2
2.106376078E2	5.031827259E1	7.602305878E0	8.994943622E1	1.513000011E1	3.532000122E2	1.000000000E0	1.000000000E2
2.116215773E2	5.031840624E1	7.602284588E0	8.994955659E1	1.508999920E1	3.547999878E2	1.000000000E0	1.000000000E2
2.126166662E2	5.031853876E1	7.602272434E0	9.094967499E1	1.497999954E1	3.567000122E2	1.000000000E0	1.000000000E2
2.136310730E2	5.031867082E1	7.602268243E0	9.094979214E1	1.485999966E1	3.588999939E2	1.000000000E0	1.000000000E2
2.146360587E2	5.031880480E1	7.602274446E0	9.094990990E1	1.488000011E1	2.500000000E0	1.000000000E0	1.000000000E2
2.156278995E2	5.031893728E1	7.602283750E0	9.195002599E1	1.486999989E1	4.300000191E0	1.000000000E0	1.000000000E2
2.166424873E2	5.031907135E1	7.602302190E0	9.195014252E1	1.500999928E1	5.000000000E0	1.000000000E0	1.000000000E2
2.176422912E2	5.031920546E1	7.602327419E0	9.295025837E1	1.479999924E1	8.000000000E0	1.000000000E0	1.000000000E2
2.186196815E2	5.031933559E1	7.602364300E0	9.395036945E1	1.464999962E1	9.899999619E0	1.000000000E0	1.000000000E2
2.196207128E2	5.031946756E1	7.602403192E0	9.395048196E1	1.472999954E1	1.350000000E1	1.000000000E0	1.000000000E2
2.206248971E2	5.031959635E1	7.602453819E0	9.395059039E1	1.506999969E1	1.430000019E1	1.000000000E0	1.000000000E2
2.216411201E2	5.031972744E1	7.602508888E0	9.495070039E1	1.525999928E1	1.760000038E1	1.500000000E0	1.000000000E2
2.226437363E2	5.031985749E1	7.602573764E0	9.495080842E1	1.514999962E1	1.910000038E1	1.500000000E0	1.000000000E2
2.236279130E2	5.031998560E1	7.602648279E0	9.595091371E1	1.529999924E1	2.210000038E1	1.500000000E0	1.000000000E2
2.246166733E2	5.032011007E1	7.602731595E0	9.595101484E1	1.531999969E1	2.389999962E1	1.500000000E0	1.000000000E2
2.256216547E2	5.032023484E1	7.602818850E0	9.595111581E1	1.536999989E1	2.500000000E1	1.500000000E0	1.000000000E2
2.266238862E2	5.032036002E1	7.602911806E0	9.695121653E1	1.527999973E1	2.600000000E1	1.500000000E0	1.000000000E2
2.275965881E2	5.032048730E1	7.603011802E0	9.695131835E1	1.538999939E1	2.739999962E1	1.000000000E0	1.000000000E2
2.286279348E2	5.032061140E1	7.603114480E0	9.795141706E1	1.525000000E1	2.820000076E1	1.500000000E0	1.000000000E2
2.296306075E2	5.032073000E1	7.603216739E0	9.895151096E1	1.515999985E1	2.960000038E1	1.500000000E0	1.000000000E2
2.306301109E2	5.032084852E1	7.603330230E0	9.895160358E1	1.535999966E1	3.029999924E1	1.500000000E0	1.000000000E2
2.316471882E2	5.032096809E1	7.603438944E0	9.895169763E1	1.538000011E1	3.029999924E1	1.500000000E0	1.000000000E2
2.326429281E2	5.032108535E1	7.603547322E0	9.995178967E1	1.521999931E1	3.070000076E1	1.500000000E0	1.000000000E2
2.336177159E2	5.032120320E1	7.603658885E0	1.009518819E2	1.498999977E1	3.060000038E1	1.500000000E0	1.000000000E2
2.346372676E2	5.032131803E1	7.603770867E0	1.019519714E2	1.477999973E1	3.029999924E1	1.500000000E0	1.000000000E2
2.356399439E2	5.032142876E1	7.603876395E0	1.019520579E2	1.457999992E1	3.020000076E1	1.000000000E0	1.000000000E2
2.366310141E2	5.032154346E1	7.603984689E0	1.029521477E2	1.473999977E1	3.020000076E1	1.500000000E0	1.000000000E2
2.376257878E2	5.032165733E1	7.604084602E0	1.029522376E2	1.456999969E1	2.929999924E1	1.500000000E0	1.000000000E2
2.386306481E2	5.032177095E1	7.604183760E0	1.039523274E2	1.455999947E1	2.870000076E1	1.500000000E0	1.000000000E2
2.396334734E2	5.032188624E1	7.604279565E0	1.039524190E2	1.480999947E1	2.689999962E1	1.500000000E0	1.000000000E2
2.406307553E2	5.032201088E1	7.604373023E0	1.039525191E2	1.672999954E1	2.550000000E1	1.500000000E0	1.000000000E2
2.416372800E2	5.032215056E1	7.604478300E0	1.049526312E2	1.832999992E1	2.470000076E1	1.500000000E0	1.000000000E2
2.426331547E2	5.032230194E1	7.604586342E0	1.049527533E2	1.911999893E1	2.320000076E1	1.500000000E0	1.000000000E2
2.436234199E2	5.032246635E1	7.604692290E0	1.049528872E2	2.036999893E1	2.100000000E1	1.500000000E0	1.000000000E2
2.446273893E2	5.032264237E1	7.604791028E0	1.059530320E2	2.078999901E1	1.820000076E1	1.500000000E0	1.000000000E2
2.456195201E2	5.032282711E1	7.604878871E0	1.059531858E2	2.165999985E1	1.620000076E1	1.500000000E0	1.000000000E2
2.466263761E2	5.032302903E1	7.604957158E0	1.069533557E2	2.364999962E1	1.360000038E1	1.500000000E0	1.000000000E2
2.476139395E2	5.032324097E1	7.605021782E0	1.069535359E2	2.505999947E1	1.119999981E1	1.500000000E0	1.000000000E2
2.486306988E2	5.032347616E1	7.605095040E0	1.079537357E2	2.663999939E1	9.699999809E0	1.500000000E0	1.000000000E2
2.496006347E2	5.032371199E1	7.605156060E0	1.079539374E2	2.602999878E1	8.899999619E0	1.500000000E0	1.000000000E2
2.506267685E2	5.032393545E1	7.605197635E0	1.079541303E2	2.387999916E1	5.500000000E0	1.500000000E0	1.000000000E2
2.516340997E2	5.032414806E1	7.605225462E0	1.079543150E2	2.331999969E1	4.199999809E0	1.500000000E0	1.000000000E2
2.526303010E2	5.032435320E1	7.605238957E0	1.079544947E2	2.235999870E1	3.099999905E0	1.500000000E0	1.000000000E2
2.536334738E2	5.032455294E1	7.605256811E0	1.079546691E2	2.218000031E1	2.799999952E0	1.500000000E0	1.000000000E2
2.546383194E2	5.032474724E1	7.605274497E0	1.079548388E2	2.215999985E1	1.799999952E0	1.500000000E0	1.000000000E2
2.556135487E2	5.032493311E1	7.605293524E0	1.079550008E2	2.164999962E1	1.799999952E0	1.500000000E0	1.000000000E2
2.566217814E2	5.032511818E1	7.605306013E0	1.079551629E2	2.111999893E1	1.700000048E0	1.500000000E0	1.000000000E2
2.576236929E2	5.032529931E1	7.605309533E0	1.079553224E2	2.065999985E1	1.799999952E0	1.500000000E0	1.000000000E2
2.586207453E2	5.032547638E1	7.605316071E0	1.079554781E2	2.015999985E1	2.000000000E0	1.500000000E0	1.000000000E2
2.596613710E2	5.032564762E1	7.605327889E0	1.079556280E2	1.902000046E1	1.899999976E0	1.500000000E0	1.000000000E2
2.606304184E2	5.032581237E1	7.605332667E0	1.079557729E2	1.785000038E1	1.899999976E0	1.500000000E0	1.000000000E2
2.616362205E2	5.032596961E1	7.605338534E0	1.079559111E2	1.664999962E1	1.700000048E0	1.500000000E0	1.000000000E2
2.626401304E2	5.032611688E1	7.605348928E0	1.079560400E2	1.544999981E1	2.000000000E0	1.500000000E0	1.000000000E2
2.636221997E2	5.032625288E1	7.605357813E0	1.089561592E2	1.442999935E1	1.700000048E0	1.500000000E0	1.000000000E2
2.646310487E2	5.032638100E1	7.605365524E0	1.089562714E2	1.397999954E1	2.599999905E0	1.500000000E0	1.000000000E2
2.656229924E2	5.032650316E1	7.605373235E0	1.089563785E2	1.322999954E1	3.700000048E0	1.500000000E0	1.000000000E2
2.666191426E2	5.032662114E1	7.605397543E0	1.099564800E2	1.284000015E1	6.300000191E0	1.500000000E0	1.000000000E2
2.676198005E2	5.032674230E1	7.605453786E0	1.099565809E2	1.364999962E1	2.050000000E1	1.500000000E0	1.000000000E2
2.686362651E2	5.032685658E1	7.605543137E0	1.099566721E2	1.354999924E1	2.839999962E1	1.500000000E0	1.000000000E2
2.696154888E2	5.032695801E1	7.605632320E0	1.099567520E2	1.248999977E1	3.250000000E1	1.500000000E0	1.000000000E2
2.706366305E2	5.032705067E1	7.605722090E0	1.099568241E2	1.157999992E1	3.179999924E1	1.500000000E0	1.000000000E2
2.716349605E2	5.032713792E1	7.605788391E0	1.099568940E2	1.122999954E1	1.839999962E1	2.000000000E0	1.000000000E2
2.726480604E2	5.032723557E1	7.605808675E0	1.099569780E2	1.073999977E1	7.000000000E0	2.000000000E0	1.000000000E2
2.736438716E2	5.032734592E1	7.605796102E0	1.099570767E2	1.225999928E1	3.525000000E2	2.000000000E0	1.000000000E2
2.746389590E2	5.032747458E1	7.605746314E0	1.099571957E2	1.436999989E1	3.367999878E2	2.000000000E0	1.000000000E2
2.756381049E2	5.032760932E1	7.605641624E0	1.099573260E2	1.642000008E1	3.211000061E2	2.000000000E0	1.000000000E2
2.766338026E2	5.032771179E1	7.605479015E0	1.089574341E2	1.598999977E1	3.102000122E2	2.000000000E0	1.000000000E2
2.775716525E2	5.032779519E1	7.605280699E0	1.089575293E2	1.760999870E1	3.067999878E2	2.000000000E0	1.000000000E2
2.786274664E2	5.032788249E1	7.605079617E0	1.099576282E2	1.815999985E1	3.043999939E2	3.000000000E0	1.000000000E2
2.796331949E2	5.032796924E1	7.604876189E0	1.099577268E2	1.778999901E1	3.053999939E2	2.500000000E0	1.000000000E2
2.806170675E2	5.032807468E1	7.604677035E0	1.099578416E2	1.752000046E1	3.061000061E2	2.000000000E0	1.000000000E2
2.816403606E2	5.032817556E1	7.604491040E0	1.089579508E2	1.711999893E1	3.107000122E2	2.000000000E0	1.000000000E2
2.826297845E2	5.032828046E1	7.604333544E0	1.089580606E2	1.578999996E1	3.191000061E2	2.000000000E0	1.000000000E2
2.836392856E2	5.032839223E1	7.604197590E0	1.079581741E2	1.552999973E1	3.227999878E2	1.500000000E0	1.000000000E2
2.846315948E2	5.032850480E1	7.604074962E0	1.079582868E2	1.525000000E1	3.262000122E2	1.500000000E0	1.000000000E2
2.856212646E2	5.032862005E1	7.603969853E0	1.059584001E2	1.488000011E1	3.332000122E2	1.500000000E0	1.000000000E2
2.865962061E2	5.032873593E1	7.603880670E0	1.059585121E2	1.467999935E1	3.377999878E2	1.500000000E0	1.000000000E2
2.876051411E2	5.032885575E1	7.603811771E0	1.049586254E2	1.434999943E1	3.372999878E2	1.500000000E0	1.000000000E2
2.886371698E2	5.032897452E1	7.603724431E0	1.039587399E2	1.378999996E1	3.352999878E2	1.500000000E0	1.000000000E2
2.896465573E2	5.032908613E1	7.603639439E0	1.039588477E2	1.413999939E1	3.301000061E2	1.500000000E0	1.000000000E2
2.906430616E2	5.032920524E1	7.603532234E0	1.029589646E2	1.547999954E1	3.295000000E2	1.500000000E0	1.000000000E2
2.915949905E2	5.032931479E1	7.603426119E0	1.029590729E2	1.454999924E1	3.267000122E2	2.500000000E0	1.000000000E2
2.926171138E2	5.032941763E1	7.603324028E0	1.039591749E2	1.488000011E1	3.255000000E2	4.000000000E0	1.000000000E2
2.936432413E2	5.032950820E1	7.603179859E0	1.039592706E2	1.444999981E1	3.123999939E2	4.000000000E0	1.000000000E2
2.946149356E2	5.032957416E1	7.602979699E0	1.039593507E2	1.447999954E1	3.012000122E2	3.500000000E0	1.000000000E2
2.956385834E2	5.032962898E1	7.602759255E0	1.039594232E2	1.430999947E1	2.965000000E2	3.000000000E0	1.000000000E2
2.966390557E2	5.032968455E1	7.602566136E0	1.039594933E2	1.403999996E1	2.907000122E2	2.500000000E0	1.000000000E2
2.976571155E2	5.032972110E1	7.602382656E0	1.039595456E2	1.323999977E1	2.840000000E2	2.000000000E0	1.000000000E2
2.986566752E2	5.032974608E1	7.602192638E0	1.039595884E2	1.351999950E1	2.827999878E2	2.000000000E0	1.000000000E2
2.996531997E2	5.032976456E1	7.601987449E0	1.029596271E2	1.557999992E1	2.770000000E2	2.000000000E0	1.000000000E2
3.006465169E2	5.032977516E1	7.601767424E0	1.019596605E2	1.557999992E1	2.786000061E2	2.000000000E0	1.000000000E2
3.016475557E2	5.032979792E1	7.601555111E0	1.009597037E2	1.531999969E1	2.828999939E2	2.000000000E0	1.000000000E2
3.026464169E2	5.032983363E1	7.601359980E0	9.895975658E1	1.447999954E1	2.911000061E2	2.000000000E0	1.000000000E2
3.036461123E2	5.032988203E1	7.601166610E0	9.795982045E1	1.507999992E1	2.961000061E2	1.500000000E0	1.000000000E2
3.046357194E2	5.032994490E1	7.600944489E0	9.595990026E1	1.854999924E1	2.973999939E2	2.000000000E0	1.000000000E2
3.056391442E2	5.033002272E1	7.600654894E0	9.496000066E1	2.336999893E1	2.948999939E2	2.000000000E0	1.000000000E2
3.066217592E2	5.033013072E1	7.600351050E0	9.396012931E1	2.546999931E1	3.007999878E2	2.500000000E0	1.000000000E2
3.076216257E2	5.033026861E1	7.600073442E0	9.296028154E1	2.568000031E1	3.122999878E2	2.000000000E0	1.000000000E2
3.086277432E2	5.033042455E1	7.599822069E0	9.196044690E1	2.478999901E1	3.173999939E2	2.000000000E0	1.000000000E2
3.096481328E2	5.033057983E1	7.599591818E0	9.096060939E1	2.370999908E1	3.185000000E2	2.000000000E0	1.000000000E2
3.106236897E2	5.033073187E1	7.599359388E0	8.996076928E1	2.309000015E1	3.171000061E2	1.500000000E0	1.000000000E2
3.116378385E2	5.033087747E1	7.599136010E0	8.896092249E1	2.234000015E1	3.162000122E2	1.500000000E0	1.000000000E2
3.126394353E2	5.033101552E1	7.598926378E0	8.796106753E1	2.128999901E1	3.175000000E2	1.500000000E0	1.000000000E2
3.136376339E2	5.033115654E1	7.598721860E0	8.796121467E1	2.142000008E1	3.172000122E2	1.500000000E0	1.000000000E2
3.146345183E2	5.033129727E1	7.598519772E0	8.696136130E1	2.104999924E1	3.165000000E2	1.500000000E0	1.000000000E2
3.156357797E2	5.033143038E1	7.598322211E0	8.596150070E1	2.034000015E1	3.145000000E2	1.500000000E0	1.000000000E2
3.192720914E2	5.033154982E1	7.598119034E0	8.596162864E1	1.943000031E1	3.111000061E2	1.500000000E0	1.000000000E2
3.192837019E2	5.033165883E1	7.597904457E0	8.496174861E1	1.876000023E1	3.087999878E2	1.500000000E0	1.000000000E2
3.192944027E2	5.033175929E1	7.597692730E0	8.396186071E1	1.895999908E1	3.077000122E2	1.500000000E0	1.000000000E2
3.195930169E2	5.033186192E1	7.597468095E0	8.396197616E1	2.003999901E1	3.035000000E2	1.500000000E0	1.000000000E2
3.206344310E2	5.033195827E1	7.597222170E0	8.396208840E1	1.993999863E1	3.007999878E2	1.500000000E0	1.000000000E2
3.216413999E2	5.033204779E1	7.596977837E0	8.296219443E1	1.979999924E1	2.981000061E2	1.500000000E0	1.000000000E2
3.226450677E2	5.033212905E1	7.596729649E0	8.196229359E1	1.939999962E1	2.955000000E2	1.500000000E0	1.000000000E2
3.236190943E2	5.033219921E1	7.596486574E0	8.196238236E1	1.884000015E1	2.931000061E2	1.500000000E0	1.000000000E2
3.245970804E2	5.033226258E1	7.596248277E0	8.196246460E1	1.873999977E1	2.926000061E2	1.500000000E0	1.000000000E2
3.256339494E2	5.033232708E1	7.596006123E0	8.196254828E1	1.894999886E1	2.896000061E2	1.500000000E0	1.000000000E2
3.266351085E2	5.033238462E1	7.595756929E0	8.196262658E1	1.895999908E1	2.883999939E2	1.500000000E0	1.000000000E2
3.275971525E2	5.033243830E1	7.595510166E0	8.096270121E1	1.892000008E1	2.876000061E2	1.500000000E0	1.000000000E2
3.286229366E2	5.033249103E1	7.595255608E0	8.096277584E1	1.877999878E1	2.871000061E2	1.500000000E0	1.000000000E2
3.296247971E2	5.033254215E1	7.595001720E0	7.996284900E1	1.867000008E1	2.872000122E2	1.500000000E0	1.000000000E2
3.306354285E2	5.033259551E1	7.594751688E0	7.996292371E1	1.856999969E1	2.870000000E2	1.500000000E0	1.000000000E2
3.316289082E2	5.033264563E1	7.594498554E0	7.996299591E1	1.850000000E1	2.876000061E2	1.500000000E0	1.000000000E2
3.326318204E2	5.033269563E1	7.594243325E0	7.896306823E1	1.852999878E1	2.871000061E2	1.500000000E0	1.000000000E2
3.336310836E2	5.033274433E1	7.593994131E0	7.896313875E1	1.855999947E1	2.876000061E2	1.500000000E0	1.000000000E2
3.346253335E2	5.033279173E1	7.593744686E0	7.896320815E1	1.844000053E1	2.875000000E2	1.500000000E0	1.000000000E2
3.356155484E2	5.033284185E1	7.593496079E0	7.896327988E1	1.829999924E1	2.872000122E2	1.500000000E0	1.000000000E2
3.366339346E2	5.033288833E1	7.593250992E0	7.896334800E1	1.819000053E1	2.873999939E2	1.500000000E0	1.000000000E2
3.376284704E2	5.033293346E1	7.593003223E0	7.996341523E1	1.823999977E1	2.873999939E2	1.500000000E0	1.000000000E2
3.386274589E2	5.033298459E1	7.592762243E0	7.996348703E1	1.820999908E1	2.872999878E2	1.500000000E0	1.000000000E2
3.396275326E2	5.033303220E1	7.592517156E0	7.996355617E1	1.815999985E1	2.872000122E2	1.500000000E0	1.000000000E2
3.406311564E2	5.033308522E1	7.592279362E0	7.996362931E1	1.794000053E1	2.877999878E2	1.500000000E0	1.000000000E2
3.416289433E2	5.033314046E1	7.592049949E0	7.996370350E1	1.718000031E1	2.872000122E2	1.500000000E0	1.000000000E2
3.426334301E2	5.033318446E1	7.591825733E0	7.996376717E1	1.704999924E1	2.846000061E2	1.500000000E0	1.000000000E2
3.436231246E2	5.033322352E1	7.591593722E0	7.996382732E1	1.714999962E1	2.860000000E2	1.500000000E0	1.000000000E2
3.446386797E2	5.033326685E1	7.591363471E0	7.996389107E1	1.771999931E1	2.873999939E2	1.500000000E0	1.000000000E2
3.456362759E2	5.033331656E1	7.591125676E0	7.996396130E1	1.788999939E1	2.872999878E2	1.500000000E0	1.000000000E2
3.466230253E2	5.033336434E1	7.590884613E0	7.996403019E1	1.785000038E1	2.873999939E2	1.500000000E0	1.000000000E2
3.476105277E2	5.033341567E1	7.590637095E0	7.996410296E1	1.901000023E1	2.872999878E2	1.500000000E0	1.000000000E2
3.486173616E2	5.033346404E1	7.590381112E0	7.996417402E1	1.879999924E1	2.868999939E2	1.500000000E0	1.000000000E2
3.496062786E2	5.033350545E1	7.590128649E0	7.996423853E1	1.844000053E1	2.855000000E2	1.500000000E0	1.000000000E2
3.506381190E2	5.033354199E1	7.589873252E0	7.996429906E1	1.862999916E1	2.821000061E2	1.500000000E0	1.000000000E2
3.516540059E2	5.033357472E1	7.589611318E0	7.996435693E1	1.894999886E1	2.821000061E2	1.500000000E0	1.000000000E2
3.526358951E2	5.033360481E1	7.589351898E0	8.096441219E1	1.896999931E1	2.810000000E2	1.500000000E0	1.000000000E2
3.536320204E2	5.033363432E1	7.589089125E0	8.096446729E1	1.893000031E1	2.803999939E2	1.500000000E0	1.000000000E2
3.546450976E2	5.033365896E1	7.588832052E0	8.096451746E1	1.877999878E1	2.786000061E2	1.500000000E0	1.000000000E2
3.556249827E2	5.033367815E1	7.588572381E0	8.096456309E1	1.855999947E1	2.771000061E2	1.500000000E0	1.000000000E2
3.566573187E2	5.033369844E1	7.588310279E0	8.096460995E1	1.859000015E1	2.772999878E2	1.500000000E0	1.000000000E2
3.576294649E2	5.033372111E1	7.588055804E0	8.096465809E1	1.845999908E1	2.777999878E2	1.500000000E0	1.000000000E2
3.586473184E2	5.033374211E1	7.587796468E0	8.096470529E1	1.837999916E1	2.765000000E2	1.500000000E0	1.000000000E2
3.596350942E2	5.033374458E1	7.587538389E0	8.096473590E1	1.807999992E1	2.681000061E2	1.500000000E0	1.000000000E2
3.606381874E2	5.033373553E1	7.587279221E0	7.996475640E1	1.804999924E1	2.658999939E2	1.500000000E0	1.000000000E2
3.616325095E2	5.033372283E1	7.587032542E0	8.096477229E1	1.794000053E1	2.646000061E2	1.500000000E0	1.000000000E2
3.626375405E2	5.033370045E1	7.586782426E0	8.096477995E1	1.788999939E1	2.626000061E2	1.500000000E0	1.000000000E2
3.636384184E2	5.033367702E1	7.586534070E0	8.096478649E1	1.784000015E1	2.597000122E2	1.500000000E0	1.000000000E2
3.646493379E2	5.033364530E1	7.586290743E0	8.096478510E1	1.777000046E1	2.568999939E2	1.500000000E0	1.000000000E2
3.656405929E2	5.033360976E1	7.586049512E0	8.096478009E1	1.775000000E1	2.563999939E2	1.500000000E0	1.000000000E2
3.666447370E2	5.033356592E1	7.585814316E0	8.096476704E1	1.773999977E1	2.541999969E2	1.500000000E0	1.000000000E2
3.676218886E2	5.033351840E1	7.585580125E0	8.096475059E1	1.770999908E1	2.518000031E2	1.500000000E0	1.000000000E2
3.686155205E2	5.033346379E1	7.585353311E0	8.096472704E1	1.761999893E1	2.498999939E2	1.500000000E0	1.000000000E2
3.696238884E2	5.033340340E1	7.585128341E0	8.196469813E1	1.772999954E1	2.478999939E2	1.500000000E0	1.000000000E2
3.706278615E2	5.033333869E1	7.584904376E0	8.196466528E1	1.785000038E1	2.461999969E2	1.500000000E0	1.000000000E2
3.716255831E2	5.033327130E1	7.584678568E0	8.296463023E1	1.802999878E1	2.450000000E2	1.500000000E0	1.000000000E2
3.726406977E2	5.033319586E1	7.584446725E0	8.296458869E1	1.813999939E1	2.416000061E2	1.500000000E0	1.000000000E2
3.736373308E2	5.033311175E1	7.584222089E0	8.396453863E1	1.810999870E1	2.401999969E2	1.500000000E0	1.000000000E2
3.746432667E2	5.033303090E1	7.583999718E0	8.496449123E1	1.817000008E1	2.381999969E2	1.500000000E0	1.000000000E2
3.756326567E2	5.033294168E1	7.583786063E0	8.496443540E1	1.812999916E1	2.351000061E2	1.500000000E0	1.000000000E2
3.766441813E2	5.033284436E1	7.583580790E0	8.596437145E1	1.827999878E1	2.338000031E2	1.500000000E0	1.000000000E2
3.776258277E2	5.033274428E1	7.583375601E0	8.596430503E1	1.819000053E1	2.323999939E2	1.000000000E0	1.000000000E2
3.786344999E2	5.033264010E1	7.583181979E0	8.596423367E1	1.803999901E1	2.296999969E2	1.500000000E0	1.000000000E2
3.796378995E2	5.033253210E1	7.582990536E0	8.696415867E1	1.803999901E1	2.278000031E2	1.500000000E0	1.000000000E2
3.806254429E2	5.033242175E1	7.582798088E0	8.696408168E1	1.811999893E1	2.256000061E2	1.500000000E0	1.000000000E2
3.816477485E2	5.033230646E1	7.582620727E0	8.796399862E1	1.781999969E1	2.231000061E2	1.500000000E0	1.000000000E2
3.826415809E2	5.033218831E1	7.582454095E0	8.796391185E1	1.771999931E1	2.213000031E2	1.500000000E0	1.000000000E2
3.836442198E2	5.033206904E1	7.582288301E0	8.796382396E1	1.772999954E1	2.213000031E2	1.500000000E0	1.000000000E2
3.846348611E2	5.033194888E1	7.582124183E0	8.796373510E1	1.771999931E1	2.215000000E2	1.500000000E0	1.000000000E2
3.856336823E2	5.033182927E1	7.581960820E0	8.796364663E1	1.782999992E1	2.213000031E2	1.500000000E0	1.000000000E2
3.866280950E2	5.033170904E1	7.581793936E0	8.896355798E1	1.780999947E1	2.210000000E2	1.500000000E0	1.000000000E2
3.876261708E2	5.033158767E1	7.581625460E0	8.896346848E1	1.790999985E1	2.216999969E2	1.500000000E0	1.000000000E2
3.886269055E2	5.033146772E1	7.581453044E0	8.896338067E1	1.804999924E1	2.225000000E2	1.500000000E0	1.000000000E2
3.896154437E2	5.033134958E1	7.581275515E0	8.996329501E1	1.860999870E1	2.250000000E2	1.500000000E0	1.000000000E2
3.906282439E2	5.033122934E1	7.581073511E0	8.996321015E1	2.048999977E1	2.278000031E2	1.500000000E0	1.000000000E2
3.916373440E2	5.033110390E1	7.580839740E0	9.096312413E1	2.336999893E1	2.308000031E2	1.500000000E0	1.000000000E2
3.926244874E2	5.033097155E1	7.580561712E0	9.196303678E1	2.605999947E1	2.338000031E2	2.000000000E0	1.000000000E2
3.936328183E2	5.033084205E1	7.580245631E0	9.396295611E1	2.859000015E1	2.373000031E2	2.000000000E0	1.000000000E2
3.946409010E2	5.033071658E1	7.579894764E0	9.496288280E1	2.967999840E1	2.413999939E2	2.000000000E0	1.000000000E2
3.956367459E2	5.033059730E1	7.579511376E0	9.596281853E1	3.077999878E1	2.448999939E2	2.000000000E0	1.000000000E2
3.966019350E2	5.033049425E1	7.579114912E0	9.796277011E1	3.092999840E1	2.485000000E2	2.000000000E0	1.000000000E2
3.976305025E2	5.033041282E1	7.578700259E0	9.896274290E1	2.959000015E1	2.528000031E2	2.000000000E0	1.000000000E2
3.985886817E2	5.033034346E1	7.578299856E0	1.009627249E2	2.950000000E1	2.566000061E2	1.500000000E0	1.000000000E2
3.995885809E2	5.033029501E1	7.577888304E0	1.029627266E2	2.972999954E1	2.605000000E2	1.500000000E0	1.000000000E2
4.005914578E2	5.033026689E1	7.577472981E0	1.039627469E2	2.976000023E1	2.648999939E2	2.000000000E0	1.000000000E2
4.015871260E2	5.033025603E1	7.577056400E0	1.059627827E2	2.936999893E1	2.680000000E2	2.000000000E0	1.000000000E2
4.025895442E2	5.033025645E1	7.576650213E0	1.079628275E2	2.897999954E1	2.715000000E2	2.000000000E0	1.000000000E2
4.035800953E2	5.033027602E1	7.576244613E0	1.099628892E2	2.894999886E1	2.748999939E2	1.500000000E0	1.000000000E2
4.045735083E2	5.033030289E1	7.575849323E0	1.129629562E2	2.864999962E1	2.755000000E2	1.500000000E0	1.000000000E2
4.055869102E2	5.033032518E1	7.575451685E0	1.149630195E2	2.830999947E1	2.756000061E2	1.500000000E0	1.000000000E2
4.065855888E2	5.033034706E1	7.575058574E0	1.169630819E2	2.822999954E1	2.757999878E2	1.500000000E0	1.000000000E2
4.075724423E2	5.033036973E1	7.574666971E0	1.189631449E2	2.809999847E1	2.748999939E2	1.500000000E0	1.000000000E2
4.085865457E2	5.033039207E1	7.574276123E0	1.199632075E2	2.798999977E1	2.752000122E2	1.500000000E0	1.000000000E2
4.095863111E2	5.033041529E1	7.573885191E0	1.219632709E2	2.776000023E1	2.751000061E2	1.500000000E0	1.000000000E2
4.105901083E2	5.033043784E1	7.573501300E0	1.229633329E2	2.756999969E1	2.755000000E2	1.500000000E0	1.000000000E2
4.116376931E2	5.033046273E1	7.573128389E0	1.249633958E2	2.692000008E1	2.753999939E2	1.500000000E0	1.000000000E2
4.125802521E2	5.033048461E1	7.572762268E0	1.269634553E2	2.663999939E1	2.755000000E2	1.500000000E0	1.000000000E2
4.136391905E2	5.033051017E1	7.572393799E0	1.289635184E2	2.634999847E1	2.755000000E2	1.500000000E0	1.000000000E2
4.146307369E2	5.033053041E1	7.572030528E0	1.309635761E2	2.612999916E1	2.753999939E2	1.500000000E0	1.000000000E2
4.156372198E2	5.033054902E1	7.571667256E0	1.319636324E2	2.601999855E1	2.745000000E2	1.500000000E0	1.000000000E2
4.166355541E2	5.033056717E1	7.571302308E0	1.329636884E2	2.600000000E1	2.737000122E2	1.500000000E0	1.000000000E2
4.176337702E2	5.033058293E1	7.570937024E0	1.349637424E2	2.597999954E1	2.727000122E2	2.000000000E0	1.000000000E2
4.186378917E2	5.033058314E1	7.570570651E0	1.369637826E2	2.592000008E1	2.686000061E2	1.500000000E0	1.000000000E2
4.196429072E2	5.033057643E1	7.570207547E0	1.379638163E2	2.598999977E1	2.663999939E2	1.500000000E0	1.000000000E2
4.206548359E2	5.033055351E1	7.569843186E0	1.389638356E2	2.652999878E1	2.622999878E2	2.000000000E0	1.000000000E2
4.216474569E2	5.033051843E1	7.569470694E0	1.399638450E2	2.650000000E1	2.602999878E2	2.000000000E0	1.000000000E2
4.226339547E2	5.033047321E1	7.569109015E0	1.409638441E2	2.601999855E1	2.578999939E2	1.500000000E0	1.000000000E2
4.236473560E2	5.033041277E1	7.568759322E0	1.429638283E2	2.555999947E1	2.543999939E2	2.000000000E0	1.000000000E2
4.246634654E2	5.033033876E1	7.568427231E0	1.439637985E2	2.530999947E1	2.500000000E2	1.500000000E0	1.000000000E2
4.256485768E2	5.033024199E1	7.568110647E0	1.449637466E2	2.469999886E1	2.438000031E2	2.000000000E0	1.000000000E2
4.266464344E2	5.033013617E1	7.567804540E0	1.459636855E2	2.460999870E1	2.428000031E2	2.000000000E0	1.000000000E2
4.276531313E2	5.033002985E1	7.567523411E0	1.479636212E2	2.193000031E1	2.406000061E2	2.000000000E0	1.000000000E2
4.286506036E2	5.032992532E1	7.567265583E0	1.489635560E2	2.020999908E1	2.391000061E2	2.000000000E0	1.000000000E2
4.296126163E2	5.032982239E1	7.567022340E0	1.509634905E2	1.937999916E1	2.391000061E2	2.000000000E0	1.000000000E2
4.306309310E2	5.032972814E1	7.566784546E0	1.529634322E2	1.965999985E1	2.388999939E2	1.500000000E0	1.000000000E2
4.316353093E2	5.032964839E1	7.566563766E0	1.529633850E2	1.695999908E1	2.430000000E2	1.500000000E0	1.000000000E2
4.326427588E2	5.032958150E1	7.566351369E0	1.539633484E2	1.680999947E1	2.438999939E2	1.500000000E0	1.000000000E2
4.336346346E2	5.032951884E1	7.566130003E0	1.539633165E2	1.743000031E1	2.480000000E2	1.500000000E0	1.000000000E2
4.346472259E2	5.032947618E1	7.565895226E0	1.549633040E2	1.781999969E1	2.575000000E2	1.500000000E0	1.000000000E2
4.356483966E2	5.032946252E1	7.565649636E0	1.549633185E2	1.819999886E1	2.672000122E2	2.000000000E0	1.000000000E2
4.366430969E2	5.032948037E1	7.565401113E0	1.539633615E2	1.870999908E1	2.793999939E2	2.000000000E0	1.000000000E2
4.376367731E2	5.032953397E1	7.565164324E0	1.539634352E2	1.867000008E1	2.903999939E2	2.000000000E0	1.000000000E2
4.386049652E2	5.032962856E1	7.564946562E0	1.539635435E2	1.906999969E1	3.061000061E2	2.000000000E0	1.000000000E2
4.396290501E2	5.032975383E1	7.564753443E0	1.539636766E2	1.918999863E1	3.186000061E2	2.500000000E0	1.000000000E2
4.406166983E2	5.032989959E1	7.564597288E0	1.549638239E2	1.911999893E1	3.258999939E2	2.500000000E0	1.000000000E2
4.416522071E2	5.033006149E1	7.564494526E0	1.549639799E2	2.012999916E1	3.447999878E2	2.500000000E0	1.000000000E2
4.426340721E2	5.033023919E1	7.564459071E0	1.549641427E2	2.168000031E1	3.592999878E2	2.500000000E0	1.000000000E2
4.436425831E2	5.033043117E1	7.564488240E0	1.549643112E2	2.330999947E1	1.039999962E1	3.000000000E0	1.000000000E2
4.446229664E2	5.033064194E1	7.564552445E0	1.549644926E2	2.476999855E1	1.280000019E1	2.500000000E0	1.000000000E2
4.456476534E2	5.033084633E1	7.564620255E0	1.549646680E2	2.293999863E1	1.119999981E1	2.500000000E0	1.000000000E2
4.466404101E2	5.033104003E1	7.564677671E0	1.549648349E2	2.246999931E1	1.019999981E1	2.000000000E0	1.000000000E2
4.476295822E2	5.033123860E1	7.564735925E0	1.549650061E2	2.284000015E1	1.050000000E1	2.000000000E0	1.000000000E2
4.486421973E2	5.033144802E1	7.564794011E0	1.549651870E2	2.327999878E1	1.039999962E1	1.500000000E0	1.000000000E2
4.496246422E2	5.033165149E1	7.564854110E0	1.559653623E2	2.305999947E1	1.050000000E1	2.000000000E0	1.000000000E2
4.506150855E2	5.033184826E1	7.564916555E0	1.559655314E2	2.181999969E1	1.030000019E1	2.000000000E0	1.000000000E2
4.516332756E2	5.033204364E1	7.564972378E0	1.559657000E2	2.134000015E1	1.010000038E1	2.000000000E0	1.000000000E2
4.526431227E2	5.033223056E1	7.565017557E0	1.559658621E2	2.028999901E1	9.500000000E0	2.000000000E0	1.000000000E2
4.536404866E2	5.033240809E1	7.565064076E0	1.559660157E2	1.927000046E1	1.030000019E1	2.000000000E0	1.000000000E2
4.546386375E2	5.033257233E1	7.565112943E0	1.569661572E2	1.769000053E1	1.350000000E1	1.500000000E0	1.000000000E2
4.556545274E2	5.033272408E1	7.565188967E0	1.579662845E2	1.678999901E1	2.170000076E1	2.000000000E0	1.000000000E2
4.566573711E2	5.033285593E1	7.565288041E0	1.579663915E2	1.676000023E1	2.350000000E1	2.000000000E0	1.000000000E2
4.576551506E2	5.033298036E1	7.565433551E0	1.589664868E2	1.715999985E1	3.590000153E1	2.000000000E0	1.000000000E2
4.586426466E2	5.033308270E1	7.565617114E0	1.589665581E2	1.767000008E1	4.379999924E1	2.000000000E0	1.000000000E2
4.596369206E2	5.033319351E1	7.565788273E0	1.599666383E2	1.765999985E1	4.240000153E1	2.000000000E0	1.000000000E2
4.606598452E2	5.033331891E1	7.565954151E0	1.599667321E2	1.773999977E1	4.109999847E1	2.000000000E0	1.000000000E2
4.616396414E2	5.033344786E1	7.566107372E0	1.599668305E2	1.702000046E1	3.550000000E1	1.500000000E0	1.000000000E2
4.626441734E2	5.033357950E1	7.566237794E0	1.599669338E2	1.679999924E1	3.129999924E1	2.000000000E0	1.000000000E2
4.636517139E2	5.033370774E1	7.566358326E0	1.599670352E2	1.639999962E1	2.960000038E1	2.000000000E0	1.000000000E2
4.646464605E2	5.033384261E1	7.566470308E0	1.599671434E2	1.693000031E1	2.550000000E1	2.000000000E0	1.000000000E2
4.656471503E2	5.033398330E1	7.566566281E0	1.599672585E2	1.676000023E1	2.510000038E1	2.000000000E0	1.000000000E2
4.666346107E2	5.033411728E1	7.566648005E0	1.589673693E2	1.506999969E1	1.870000076E1	2.000000000E0	1.000000000E2
4.676490537E2	5.033424289E1	7.566695446E0	1.589674763E2	1.392999935E1	1.310000038E1	2.000000000E0	1.000000000E2
4.686365237E2	5.033435520E1	7.566715730E0	1.589675744E2	1.297999954E1	5.300000191E0	2.000000000E0	1.000000000E2
4.696337430E2	5.033446190E1	7.566707432E0	1.589676707E2	1.267000008E1	3.505000000E2	2.000000000E0	1.000000000E2
4.706157209E2	5.033457187E1	7.566649178E0	1.589677754E2	1.300000000E1	3.343999939E2	2.500000000E0	1.000000000E2
4.716155020E2	5.033466856E1	7.566558737E0	1.599678717E2	1.300000000E1	3.178999939E2	2.000000000E0	1.000000000E2
4.726209727E2	5.033474953E1	7.566418340E0	1.599679596E2	1.388000011E1	3.046000061E2	2.500000000E0	1.000000000E2
4.736313124E2	5.033482844E1	7.566250870E0	1.599680486E2	1.521000004E1	3.022999878E2	2.000000000E0	1.000000000E2
4.746352428E2	5.033490334E1	7.566062864E0	1.599681363E2	1.547999954E1	3.002999878E2	2.000000000E0	1.000000000E2
4.755747005E2	5.033497827E1	7.565881228E0	1.599682233E2	1.508999920E1	2.995000000E2	2.000000000E0	1.000000000E2
4.766328337E2	5.033504197E1	7.565696156E0	1.589683007E2	1.477999973E1	2.972999878E2	3.000000000E0	1.000000000E2
4.775858712E2	5.033510475E1	7.565517873E0	1.589683765E2	1.468999958E1	3.006000061E2	2.500000000E0	1.000000000E2
4.786393083E2	5.033517944E1	7.565351240E0	1.599684617E2	1.469999981E1	3.015000000E2	2.000000000E0	1.000000000E2
4.796381592E2	5.033524938E1	7.565175723E0	1.599685436E2	1.492999935E1	2.993999939E2	2.000000000E0	1.000000000E2
4.806434502E2	5.033531568E1	7.564995596E0	1.599686228E2	1.504999924E1	2.997999878E2	1.500000000E0	1.000000000E2
4.816438990E2	5.033538572E1	7.564820331E0	1.609687048E2	1.478999996E1	3.000000000E2	1.500000000E0	1.000000000E2
4.826328119E2	5.033545482E1	7.564646155E0	1.609687859E2	1.465999985E1	3.005000000E2	1.500000000E0	1.000000000E2
4.836326630E2	5.033552062E1	7.564474996E0	1.609688636E2	1.440999985E1	3.002999878E2	1.500000000E0	1.000000000E2
4.846335384E2	5.033558437E1	7.564297635E0	1.619689403E2	1.429999924E1	3.007999878E2	1.500000000E0	1.000000000E2
4.856385776E2	5.033565448E1	7.564132009E0	1.629690213E2	1.405999947E1	3.057999878E2	1.500000000E0	1.000000000E2
4.866487605E2	5.033573428E1	7.563973255E0	1.639691102E2	1.426999950E1	3.115000000E2	1.500000000E0	1.000000000E2
4.876386216E2	5.033582459E1	7.563827746E0	1.639692071E2	1.450999928E1	3.177999878E2	1.500000000E0	1.000000000E2
4.886626661E2	5.033592316E1	7.563689025E0	1.649693106E2	1.430999947E1	3.207999878E2	1.500000000E0	1.000000000E2
4.896356846E2	5.033602924E1	7.563583497E0	1.639694172E2	1.442999935E1	3.286000061E2	1.500000000E0	1.000000000E2
4.906148693E2	5.033614889E1	7.563502025E0	1.639695332E2	1.467000008E1	3.362999878E2	1.500000000E0	1.000000000E2
4.916368510E2	5.033627064E1	7.563439496E0	1.649696490E2	1.471000004E1	3.436000061E2	1.500000000E0	1.000000000E2
4.926400413E2	5.033639087E1	7.563388534E0	1.649697622E2	1.393999958E1	3.455000000E2	2.000000000E0	1.000000000E2
4.936655177E2	5.033651690E1	7.563346289E0	1.649698797E2	1.511999989E1	3.512999878E2	2.000000000E0	1.000000000E2
4.946458151E2	5.033665704E1	7.563314606E0	1.649700085E2	1.519999981E1	3.510000000E2	2.000000000E0	1.000000000E2
4.956453632E2	5.033678956E1	7.563293818E0	1.659701294E2	1.493999958E1	3.512000122E2	1.500000000E0	1.000000000E2
4.966621153E2	5.033691986E1	7.563263979E0	1.669702492E2	1.458999920E1	3.506000061E2	1.500000000E0	1.000000000E2
4.976617655E2	5.033704969E1	7.563231373E0	1.669703690E2	1.463000011E1	3.502000122E2	1.500000000E0	1.000000000E2
4.986427783E2	5.033717986E1	7.563195918E0	1.669704894E2	1.446000004E1	3.506000061E2	2.000000000E0	1.000000000E2
4.996533276E2	5.033730861E1	7.563167755E0	1.669706077E2	1.471999931E1	3.528999939E2	2.000000000E0	1.000000000E2
5.006519381E2	5.033744351E1	7.563148225E0	1.669707305E2	1.475000000E1	3.550000000E2	1.500000000E0	1.000000000E2
5.016308156E2	5.033757172E1	7.563131545E0	1.669708471E2	1.477999973E1	3.563999939E2	2.000000000E0	1.000000000E2
5.026382331E2	5.033770138E1	7.563125007E0	1.659709638E2	1.444999981E1	3.593999939E2	2.000000000E0	1.000000000E2
5.036417836E2	5.033783273E1	7.563134311E0	1.659710803E2	1.469999981E1	2.099999905E0	2.000000000E0	1.000000000E2
5.046602098E2	5.033796139E1	7.563148225E0	1.659711938E2	1.421000004E1	4.500000000E0	2.000000000E0	1.000000000E2
5.056431836E2	5.033809152E1	7.563185776E0	1.669713061E2	1.418999958E1	1.130000019E1	2.000000000E0	1.000000000E2
5.066524937E2	5.033822131E1	7.563234307E0	1.669714168E2	1.432999992E1	1.380000019E1	2.500000000E0	1.000000000E2
5.076543979E2	5.033835186E1	7.563290130E0	1.679715273E2	1.473999977E1	1.530000019E1	2.000000000E0	1.000000000E2
5.086446692E2	5.033847625E1	7.563364143E0	1.679716303E2	1.447999954E1	2.039999962E1	2.000000000E0	1.000000000E2
5.096218792E2	5.033859565E1	7.563443184E0	1.679717283E2	1.446999931E1	2.460000038E1	2.000000000E0	1.000000000E2
5.106083962E2	5.033871446E1	7.563535301E0	1.679718243E2	1.434000015E1	2.679999924E1	2.000000000E0	1.000000000E2
5.116204227E2	5.033882850E1	7.563625909E0	1.679719162E2	1.457999992E1	2.370000076E1	2.000000000E0	1.000000000E2
5.126184144E2	5.033894605E1	7.563704699E0	1.679720126E2	1.394999981E1	1.889999962E1	2.000000000E0	1.000000000E2
5.136586937E2	5.033906604E1	7.563755913E0	1.679721142E2	1.402999973E1	1.550000000E1	2.000000000E0	1.000000000E2
5.146466586E2	5.033918947E1	7.563808048E0	1.679722188E2	1.417000008E1	1.679999924E1	2.000000000E0	1.000000000E2
5.156733134E2	5.033930949E1	7.563881138E0	1.679723180E2	1.444999981E1	2.379999924E1	2.000000000E0	1.000000000E2
5.166544106E2	5.033942336E1	7.563967388E0	1.679724102E2	1.450999928E1	2.200000000E1	2.000000000E0	1.000000000E2
5.176408824E2	5.033954054E1	7.564052716E0	1.679725054E2	1.476999950E1	2.160000038E1	2.000000000E0	1.000000000E2
5.186521596E2	5.033966174E1	7.564127985E0	1.669726054E2	1.442999935E1	2.100000000E1	2.000000000E0	1.000000000E2
5.196480836E2	5.033978517E1	7.564190095E0	1.659727089E2	1.414999962E1	1.710000038E1	2.000000000E0	1.000000000E2
5.206401536E2	5.033990465E1	7.564245919E0	1.659728095E2	1.335999966E1	1.770000076E1	2.000000000E0	1.000000000E2
5.216381555E2	5.034001973E1	7.564305011E0	1.659729058E2	1.359999943E1	1.970000076E1	1.500000000E0	1.000000000E2
5.226364092E2	5.034013800E1	7.564369217E0	1.659730044E2	1.413999939E1	2.160000038E1	1.500000000E0	1.000000000E2
5.236453576E2	5.034024349E1	7.564450772E0	1.659730896E2	1.301999950E1	3.150000000E1	1.500000000E0	1.000000000E2
5.246338010E2	5.034033418E1	7.564556720E0	1.669731588E2	1.180000019E1	4.159999847E1	2.000000000E0	1.000000000E2
5.256419538E2	5.034040652E1	7.564642215E0	1.659732139E2	9.319999695E0	3.559999847E1	2.000000000E0	1.000000000E2
5.266553496E2	5.034047336E1	7.564681023E0	1.659732693E2	8.899999619E0	2.900000095E0	2.000000000E0	1.000000000E2
5.276084328E2	5.034055127E1	7.564654872E0	1.669733419E2	8.460000038E0	3.375000000E2	2.500000000E0	1.000000000E2
5.286351977E2	5.034061942E1	7.564579099E0	1.669734113E2	1.053999996E1	3.112000122E2	2.500000000E0	1.000000000E2
5.296255185E2	5.034067994E1	7.564456724E0	1.669734792E2	1.176999950E1	3.050000000E2	2.000000000E0	1.000000000E2
5.306326888E2	5.034075106E1	7.564332336E0	1.669735567E2	1.193999958E1	3.112000122E2	2.000000000E0	1.000000000E2
5.316252550E2	5.034082997E1	7.564212894E0	1.669736407E2	1.184000015E1	3.147999878E2	2.000000000E0	1.000000000E2
5.326553283E2	5.034091739E1	7.564089596E0	1.679737327E2	1.235999966E1	3.180000000E2	1.500000000E0	1.000000000E2
5.336428480E2	5.034101324E1	7.563977698E0	1.679738309E2	1.302999973E1	3.217999878E2	1.500000000E0	1.000000000E2
5.346629678E2	5.034110704E1	7.563873259E0	1.669739265E2	1.248999977E1	3.233999939E2	1.500000000E0	1.000000000E2
5.356441031E2	5.034119940E1	7.563781645E0	1.669740194E2	1.236999989E1	3.287999878E2	1.500000000E0	1.000000000E2
5.366417857E2	5.034129647E1	7.563700257E0	1.669741153E2	1.215999985E1	3.298999939E2	1.500000000E0	1.000000000E2
5.376401268E2	5.034139277E1	7.563617695E0	1.669742108E2	1.182999992E1	3.307000122E2	1.500000000E0	1.000000000E2
5.386545296E2	5.034148824E1	7.563546197E0	1.669743042E2	1.151999950E1	3.355000000E2	1.500000000E0	1.000000000E2
5.396052100E2	5.034158476E1	7.563488614E0	1.659743970E2	1.155000019E1	3.376000061E2	1.500000000E0	1.000000000E2
5.406234805E2	5.034168212E1	7.563428935E0	1.649744908E2	1.105999947E1	3.382999878E2	1.500000000E0	1.000000000E2
5.416479348E2	5.034176606E1	7.563378895E0	1.639745715E2	9.840000153E0	3.405000000E2	1.500000000E0	1.000000000E2
5.426328525E2	5.034184523E1	7.563342266E0	1.629746464E2	9.559999466E0	3.405000000E2	1.500000000E0	1.000000000E2
5.436292530E2	5.034192280E1	7.563299602E0	1.619747206E2	8.789999962E0	3.366000061E2	1.500000000E0	1.000000000E2
5.446269393E2	5.034198747E1	7.563257692E0	1.619747831E2	7.349999905E0	3.331000061E2	1.500000000E0	1.000000000E2
5.456355950E2	5.034203533E1	7.563228272E0	1.619748293E2	5.609999657E0	3.467999878E2	1.500000000E0	1.000000000E2
5.466403021E2	5.034208147E1	7.563242018E0	1.619748690E2	5.130000114E0	2.020000076E1	2.000000000E0	1.000000000E2
5.476347366E2	5.034212275E1	7.563282754E0	1.619749013E2	5.500000000E0	3.959999847E1	2.000000000E0	1.000000000E2
5.486296518E2	5.034215942E1	7.563338410E0	1.619749279E2	6.069999695E0	5.820000076E1	2.000000000E0	1.000000000E2
5.496044198E2	5.034219111E1	7.563406890E0	1.619749485E2	6.079999924E0	6.109999847E1	1.500000000E0	1.000000000E2
5.506202484E2	5.034222384E1	7.563475706E0	1.629749701E2	6.069999695E0	5.150000000E1	1.500000000E0	1.000000000E2
5.516306528E2	5.034225862E1	7.563551143E0	1.639749927E2	6.109999657E0	4.750000000E1	2.000000000E0	1.000000000E2
5.526326833E2	5.034229639E1	7.563609565E0	1.639750199E2	6.049999714E0	3.979999924E1	1.500000000E0	1.000000000E2
5.536328907E2	5.034233884E1	7.563659688E0	1.649750522E2	6.199999809E0	3.540000153E1	1.500000000E0	1.000000000E2
5.546488889E2	5.034238917E1	7.563672177E0	1.649750958E2	6.269999981E0	8.300000191E0	2.000000000E0	1.000000000E2
5.556377893E2	5.034244772E1	7.563633705E0	1.649751525E2	7.609999657E0	3.313999939E2	2.000000000E0	1.000000000E2
5.566491887E2	5.034250581E1	7.563581653E0	1.649752104E2	7.099999905E0	3.387000122E2	2.000000000E0	1.000000000E2
5.576455691E2	5.034257454E1	7.563548796E0	1.639752755E2	7.889999866E0	3.430000000E2	1.500000000E0	1.000000000E2
5.586400130E2	5.034264713E1	7.563531948E0	1.639753423E2	7.429999828E0	3.477999878E2	2.000000000E0	1.000000000E2
5.596546391E2	5.034271967E1	7.563531697E0	1.639754073E2	7.739999771E0	2.400000095E0	1.500000000E0	1.000000000E2
5.606480473E2	5.034278702E1	7.563537983E0	1.629754668E2	7.109999657E0	3.597999878E2	1.500000000E0	1.000000000E2
5.616488190E2	5.034285072E1	7.563535301E0	1.629755241E2	6.710000038E0	3.587000122E2	1.500000000E0	1.000000000E2
5.626410312E2	5.034290935E1	7.563538151E0	1.619755762E2	6.299999714E0	3.587999878E2	1.500000000E0	1.000000000E2
5.636405949E2	5.034296736E1	7.563537983E0	1.609756281E2	5.849999905E0	3.575000000E2	1.500000000E0	1.000000000E2
5.646535284E2	5.034302167E1	7.563528847E0	1.609756777E2	5.730000019E0	3.571000061E2	1.500000000E0	1.000000000E2
5.656335006E2	5.034306794E1	7.563529015E0	1.599757191E2	4.269999981E0	3.591000061E2	1.500000000E0	1.000000000E2
5.666379598E2	5.034309770E1	7.563526835E0	1.599757459E2	3.019999981E0	3.562999878E2	1.500000000E0	1.000000000E2
5.676418782E2	5.034312485E1	7.563531026E0	1.599757698E2	2.579999924E0	3.560000000E2	1.500000000E0	1.000000000E2
5.686261374E2	5.034315096E1	7.563540749E0	1.589757920E2	2.589999914E0	7.400000095E0	2.000000000E0	1.000000000E2
5.696405672E2	5.034317276E1	7.563569080E0	1.589758083E2	2.339999914E0	3.859999847E1	2.000000000E0	1.000000000E2
5.706304955E2	5.034318491E1	7.563605374E0	1.589758151E2	1.610000014E0	6.270000076E1	2.000000000E0	1.000000000E2
5.716191402E2	5.034318952E1	7.563625323E0	1.589758170E2	1.220000029E0	7.000000000E1	2.000000000E0	1.000000000E2
5.726008096E2	5.034319480E1	7.563647870E0	1.589758192E2	9.399999976E-1	8.069999695E1	2.000000000E0	1.000000000E2
5.736212519E2	5.034320163E1	7.563659353E0	1.589758240E2	1.019999981E0	7.950000000E1	2.000000000E0	1.000000000E2
5.746455552E2	5.034320683E1	7.563674022E0	1.589758270E2	0.000000000E0	0.000000000E0	2.000000000E0	1.000000000E2
5.756344870E2	5.034320683E1	7.563674022E0	1.589758270E2	0.000000000E0	0.000000000E0	2.000000000E0	1.000000000E2
5.766787989E2	5.034320683E1	7.563674022E0	1.589758270E2	0.000000000E0	0.000000000E0	2.000000000E0	1.000000000E2
5.776765521E2	5.034320683E1	7.563674022E0	1.589758270E2	0.000000000E0	0.000000000E0	1.500000000E0	1.000000000E2
5.786402963E2	5.034320683E1	7.563674022E0	1.589758270E2	0.000000000E0	0.000000000E0	2.000000000E0	1.000000000E2
5.795782653E2	5.034320976E1	7.563682655E0	1.589758286E2	1.899999976E-1	8.230000305E1	2.000000000E0	1.000000000E2
5.806373065E2	5.034321190E1	7.563681146E0	1.589758307E2	1.099999994E-1	8.319999695E1	2.000000000E0	1.000000000E2
5.816367184E2	5.034321215E1	7.563676368E0	1.589758315E2	9.999999404E-2	8.380000305E1	2.000000000E0	1.000000000E2
5.826447246E2	5.034321223E1	7.563676285E0	1.589758315E2	0.000000000E0	0.000000000E0	2.000000000E0	1.000000000E2
5.836340501E2	5.034321223E1	7.563676285E0	1.589758315E2	0.000000000E0	0.000000000E0	2.000000000E0	1.000000000E2
5.846352264E2	5.034321223E1	7.563676285E0	1.589758315E2	0.000000000E0	0.000000000E0	2.000000000E0	1.000000000E2
5.856468812E2	5.034321223E1	7.563676285E0	1.589758315E2	0.000000000E0	0.000000000E0	2.500000000E0	1.000000000E2
5.866513377E2	5.034321223E1	7.563676285E0	1.589758315E2	0.000000000E0	0.000000000E0	2.000000000E0	1.000000000E2
5.876561588E2	5.034321223E1	7.563676285E0	1.589758315E2	0.000000000E0	0.000000000E0	2.000000000E0	1.000000000E2
5.886365387E2	5.034321223E1	7.563676285E0	1.589758315E2	0.000000000E0	0.000000000E0	2.000000000E0	1.000000000E2
5.896138353E2	5.034321223E1	7.563676285E0	1.589758315E2	0.000000000E0	0.000000000E0	2.000000000E0	1.000000000E2
5.906390605E2	5.034321223E1	7.563676285E0	1.589758315E2	0.000000000E0	0.000000000E0	2.000000000E0	1.000000000E2
5.916407873E2	5.034321223E1	7.563676285E0	1.589758315E2	0.000000000E0	0.000000000E0	2.000000000E0	1.000000000E2
5.926230699E2	5.034321223E1	7.563676285E0	1.589758315E2	0.000000000E0	0.000000000E0	2.000000000E0	1.000000000E2
